"filename", "language", "Markdown", "HTML", "JavaScript", "YAML", "CSS", "Properties", "XML", "Java", "comment", "blank", "total"
"e:\WebApp\.github\workflows\static.yml", "YAML", 0, 0, 0, 30, 0, 0, 0, 0, 7, 6, 43
"e:\WebApp\README.md", "Markdown", 38, 0, 0, 0, 0, 0, 0, 0, 0, 6, 44
"e:\WebApp\announcement.html", "HTML", 0, 46, 0, 0, 0, 0, 0, 0, 3, 4, 53
"e:\WebApp\css\index.css", "CSS", 0, 0, 0, 0, 4, 0, 0, 0, 0, 0, 4
"e:\WebApp\document\Bump.md", "Markdown", 371, 0, 0, 0, 0, 0, 0, 0, 0, 56, 427
"e:\WebApp\document\代码复审核查表.md", "Markdown", 66, 0, 0, 0, 0, 0, 0, 0, 0, 53, 119
"e:\WebApp\document\学习PIXI.md", "Markdown", 2008, 0, 0, 0, 0, 0, 0, 0, 0, 507, 2515
"e:\WebApp\index.html", "HTML", 0, 58, 0, 0, 0, 0, 0, 0, 0, 3, 61
"e:\WebApp\js\Controller.js", "JavaScript", 0, 0, 16, 0, 0, 0, 0, 0, 0, 0, 16
"e:\WebApp\js\CreateInformation.js", "JavaScript", 0, 0, 223, 0, 0, 0, 0, 0, 5, 12, 240
"e:\WebApp\js\Item.js", "JavaScript", 0, 0, 13, 0, 0, 0, 0, 0, 0, 1, 14
"e:\WebApp\js\Player.js", "JavaScript", 0, 0, 73, 0, 0, 0, 0, 0, 3, 3, 79
"e:\WebApp\js\commonmap\CreateCommon.js", "JavaScript", 0, 0, 279, 0, 0, 0, 0, 0, 7, 23, 309
"e:\WebApp\js\commonmap\CreateCommon2.js", "JavaScript", 0, 0, 243, 0, 0, 0, 0, 0, 7, 18, 268
"e:\WebApp\js\commonmap\CreateCommon3.js", "JavaScript", 0, 0, 349, 0, 0, 0, 0, 0, 7, 18, 374
"e:\WebApp\js\commonmap\CreateCommon4.js", "JavaScript", 0, 0, 325, 0, 0, 0, 0, 0, 7, 22, 354
"e:\WebApp\js\mastermap\Create.js", "JavaScript", 0, 0, 404, 0, 0, 0, 0, 0, 31, 15, 450
"e:\WebApp\js\mastermap\Create2.js", "JavaScript", 0, 0, 356, 0, 0, 0, 0, 0, 39, 18, 413
"e:\WebApp\js\mastermap\Create3.js", "JavaScript", 0, 0, 486, 0, 0, 0, 0, 0, 46, 22, 554
"e:\WebApp\pattern.html", "HTML", 0, 55, 0, 0, 0, 0, 0, 0, 3, 4, 62
"e:\WebApp\rules.html", "HTML", 0, 48, 0, 0, 0, 0, 0, 0, 3, 3, 54
"e:\WebApp\serversrc\.settings\org.eclipse.wst.common.project.facet.core.xml", "XML", 0, 0, 0, 0, 0, 0, 10, 0, 0, 1, 11
"e:\WebApp\serversrc\WebContent\Test.html", "HTML", 0, 35, 0, 0, 0, 0, 0, 0, 3, 2, 40
"e:\WebApp\serversrc\WebContent\WEB-INF\web.xml", "XML", 0, 0, 0, 0, 0, 0, 17, 0, 0, 0, 17
"e:\WebApp\serversrc\WebContent\index.jsp", "HTML", 0, 28, 0, 0, 0, 0, 0, 0, 3, 1, 32
"e:\WebApp\serversrc\WebContent\show.jsp", "HTML", 0, 34, 0, 0, 0, 0, 0, 0, 3, 0, 37
"e:\WebApp\serversrc\build\classes\druid.properties", "Properties", 0, 0, 0, 0, 0, 8, 0, 0, 5, 0, 13
"e:\WebApp\serversrc\src\com\atguigu\servlets\AddServlet.java", "Java", 0, 0, 0, 0, 0, 0, 0, 62, 0, 4, 66
"e:\WebApp\serversrc\src\dao_\dao\actorDao.java", "Java", 0, 0, 0, 0, 0, 0, 0, 3, 0, 3, 6
"e:\WebApp\serversrc\src\dao_\dao\basicDao.java", "Java", 0, 0, 0, 0, 0, 0, 0, 34, 0, 5, 39
"e:\WebApp\serversrc\src\dao_\dao\victoryDao.java", "Java", 0, 0, 0, 0, 0, 0, 0, 3, 0, 2, 5
"e:\WebApp\serversrc\src\dao_\pojo\Actor.java", "Java", 0, 0, 0, 0, 0, 0, 0, 39, 0, 11, 50
"e:\WebApp\serversrc\src\dao_\pojo\victory.java", "Java", 0, 0, 0, 0, 0, 0, 0, 39, 0, 10, 49
"e:\WebApp\serversrc\src\dao_\test\testDao.java", "Java", 0, 0, 0, 0, 0, 0, 0, 24, 0, 4, 28
"e:\WebApp\serversrc\src\dao_\utils\JDBCUtilsByDruid.java", "Java", 0, 0, 0, 0, 0, 0, 0, 42, 0, 5, 47
"e:\WebApp\serversrc\src\druid.properties", "Properties", 0, 0, 0, 0, 0, 8, 0, 0, 5, 0, 13
"e:\WebApp\test\Createtest.html", "HTML", 0, 55, 0, 0, 0, 0, 0, 0, 3, 4, 62
"e:\WebApp\test\utilstest.js", "JavaScript", 0, 0, 279, 0, 0, 0, 0, 0, 7, 23, 309
"e:\WebApp\tools\bump.js", "JavaScript", 0, 0, 630, 0, 0, 0, 0, 0, 616, 223, 1469
"e:\WebApp\tools\jquery-3.6.1.min.js", "JavaScript", 0, 0, 1, 0, 0, 0, 0, 0, 1, 0, 2
"e:\WebApp\tools\pixi.min.js", "JavaScript", 0, 0, 14, 0, 0, 0, 0, 0, 8, 1, 23
"e:\WebApp\tools\spriteUtilities.js", "JavaScript", 0, 0, 818, 0, 0, 0, 0, 0, 314, 244, 1376
"Total", "-", 2483, 359, 4509, 30, 4, 16, 27, 246, 1136, 1337, 10147